kepid,kepoi_name,catalog_period (days),detected_period (days),period_match (%),bls_power,orbital_dist (AU),planet_radius (R_earth),planet_type,stellar_mass (solar),stellar_temp (K),luminosity (solar),hz_inner (AU),hz_outer (AU),in_habitable_zone,quarters_used,kepmag,star_type,au_below_hz_inner,ESI,hz_center (AU),dist_from_hz_center (AU),hz_widths_from_center,radius_diff
4276716,K01619.01,20.6654,9.0142,12.76,1132.76036,0.129,0.66,Rocky,0.671,4830.0,0.2231,0.4488,0.6472,False,1,11.759,4000-5000K (K dwarf),0.3198,0.354,0.548,0.41900000000000004,2.112,0.33999999999999997
9015738,K01616.02,34.7754,29.1,16.32,2935.33356,0.2184,0.67,Rocky,1.149,6028.0,1.2986,1.0826,1.5612,False,1,11.538,6000-7000K (F dwarf),0.8642,0.3263,1.3218999999999999,1.1035,2.306,0.32999999999999996
7900450,K05441.01,25.4805,10.5,17.58,972.33133,0.1724,1.25,Super-Earth,1.052,6250.0,1.331,1.096,1.5805,False,1,13.181,6000-7000K (F dwarf),0.9236,0.3169,1.33825,1.1658499999999998,2.406,0.25
7050060,K02215.01,22.0446,22.1919,0.67,94.09354,0.1514,1.03,Rocky,0.953,5974.0,1.8142,1.2796,1.8453,False,1,12.999,5000-6000K (G dwarf),1.1282,0.3108,1.5624500000000001,1.4110500000000001,2.494,0.030000000000000027
1429589,K04923.01,38.1687,20.5,7.42,64.94666,0.2238,1.4,Super-Earth,1.026,6164.0,2.7798,1.5839,2.2842,False,1,13.195,6000-7000K (F dwarf),1.3601,0.308,1.93405,1.71025,2.442,0.3999999999999999
4472818,K03878.02,15.3573,7.3801,3.89,10775.52528,0.1222,1.42,Super-Earth,1.032,5818.0,0.9994,0.9497,1.3696,False,1,12.72,5000-6000K (G dwarf),0.8275,0.3044,1.15965,1.03745,2.471,0.41999999999999993
12456063,K04329.01,17.801,7.2644,18.38,25.37274,0.1351,0.71,Rocky,1.037,6338.0,1.4739,1.1534,1.6633,False,1,12.018,6000-7000K (F dwarf),1.0183,0.2996,1.40835,1.27325,2.497,0.29000000000000004
8581240,K03111.01,10.768,19.45,9.69,164.77192,0.094,0.92,Rocky,0.954,5874.0,1.2831,1.0761,1.5518,False,1,12.863,5000-6000K (G dwarf),0.9821,0.2995,1.3139500000000002,1.21995,2.565,0.07999999999999996
9936080,K04431.01,19.5651,9.3434,4.49,64.00194,0.1505,1.13,Rocky,1.188,6350.0,2.8347,1.5995,2.3066,False,1,12.674,6000-7000K (F dwarf),1.449,0.2993,1.95305,1.8025499999999999,2.549,0.1299999999999999
6523351,K03117.01,6.0666,6.95,14.56,615.48157,0.0643,0.87,Rocky,0.963,5569.0,0.6866,0.7872,1.1352,False,1,13.163,5000-6000K (G dwarf),0.7229,0.2957,0.9612,0.8969,2.577,0.13
7673192,K02722.05,16.5339,14.9176,9.78,650.25241,0.1327,1.21,Rocky,1.14,6522.0,2.3964,1.4706,2.1208,False,1,13.268,6000-7000K (F dwarf),1.3379,0.2956,1.7957,1.663,2.558,0.20999999999999996
8121310,K00317.02,11.5059,11.1,3.53,197.18399,0.1095,0.99,Rocky,1.324,6336.0,2.8462,1.6027,2.3113,False,1,12.885,6000-7000K (F dwarf),1.4932,0.2945,1.957,1.8475000000000001,2.607,0.010000000000000009
10967168,K05845.01,22.266,9.3173,16.31,1136.53397,0.1717,1.18,Rocky,1.363,6888.0,4.4957,2.0143,2.9048,False,1,11.299,6000-7000K (F dwarf),1.8426,0.2939,2.45955,2.28785,2.569,0.17999999999999994
3866536,K04423.01,7.6521,3.8,0.68,713.13838,0.0764,0.8,Rocky,1.014,6312.0,1.2853,1.077,1.5532,False,1,13.099,6000-7000K (F dwarf),1.0006,0.2892,1.3151,1.2387,2.601,0.19999999999999996
11856178,K06246.01,9.1331,3.8,16.79,1202492.82016,0.0867,1.46,Super-Earth,1.041,6122.0,1.1712,1.0281,1.4826,False,1,11.767,6000-7000K (F dwarf),0.9414,0.2887,1.25535,1.16865,2.571,0.45999999999999996
10399321,K04556.01,21.5809,30.9723,4.32,287.9343,0.1554,1.43,Super-Earth,1.074,5790.0,4.2873,1.967,2.8367,False,1,11.981,5000-6000K (G dwarf),1.8116,0.2887,2.40185,2.24645,2.583,0.42999999999999994
8806985,K04588.01,7.5374,3.9,3.48,27.64001,0.0802,1.0,Rocky,1.211,6483.0,3.2636,1.7162,2.475,False,1,12.912,6000-7000K (F dwarf),1.636,0.2878,2.0956,2.0154,2.656,0.0
10928043,K01315.01,6.8464,8.8,14.31,104.37455,0.0739,1.32,Super-Earth,1.149,6029.0,1.3044,1.085,1.5647,False,1,13.137,6000-7000K (F dwarf),1.0111,0.2873,1.32485,1.25095,2.608,0.32000000000000006
4548098,K04157.02,5.2158,2.85,9.28,117.55972,0.0628,0.83,Rocky,1.213,6202.0,1.6711,1.2281,1.771,False,1,12.692,6000-7000K (F dwarf),1.1653,0.2845,1.49955,1.43675,2.646,0.17000000000000004
6307083,K02050.02,3.178,5.9,7.17,5385.40643,0.0392,0.74,Rocky,0.793,5061.0,0.4163,0.613,0.884,False,1,12.218,5000-6000K (G dwarf),0.5738,0.2839,0.7484999999999999,0.7092999999999999,2.617,0.26
9397900,K07169.01,10.5114,10.3,2.01,14.17405,0.0996,0.75,Rocky,1.191,6587.0,2.9698,1.6371,2.3609,False,1,12.931,6000-7000K (F dwarf),1.5375,0.2835,1.999,1.8994000000000002,2.624,0.25
8212002,K02593.02,9.5539,8.3,13.12,255.77553,0.0948,0.68,Rocky,1.244,6175.0,2.2284,1.4181,2.0451,False,1,11.714,6000-7000K (F dwarf),1.3233,0.2832,1.7316,1.6368,2.611,0.31999999999999995
3109550,K03225.01,4.8755,2.45,0.5,77.83244,0.0546,0.8,Rocky,0.911,5513.0,1.3706,1.1122,1.6039,False,1,12.207,5000-6000K (G dwarf),1.0576,0.2831,1.35805,1.30345,2.651,0.19999999999999996
3547178,K06342.01,8.1771,15.05,7.97,908.51482,0.0799,0.78,Rocky,1.017,6501.0,2.3424,1.454,2.0968,False,1,12.419,6000-7000K (F dwarf),1.3741,0.2831,1.7753999999999999,1.6954999999999998,2.638,0.21999999999999997
4996057,K07712.01,4.8302,4.4,8.91,101.8238,0.0535,1.06,Rocky,0.877,5086.0,3.0311,1.654,2.3852,False,1,11.994,5000-6000K (G dwarf),1.6005,0.2817,2.0196,1.9661,2.689,0.06000000000000005
9283156,K02657.01,5.224,2.3,11.95,11.87269,0.0555,0.58,Rocky,0.837,5487.0,0.5738,0.7196,1.0378,False,1,12.869,5000-6000K (G dwarf),0.6641,0.2812,0.8787,0.8232,2.587,0.42000000000000004
9459162,K04818.01,3.7989,4.15,9.24,582.88356,0.0525,1.02,Rocky,1.338,6828.0,3.8496,1.8639,2.688,False,1,13.008,6000-7000K (F dwarf),1.8114,0.2809,2.27595,2.2234499999999997,2.698,0.020000000000000018
4770174,K02971.01,6.096,5.35,12.24,782.20871,0.0717,1.26,Super-Earth,1.325,6313.0,3.0669,1.6637,2.3992,False,1,12.742,6000-7000K (F dwarf),1.592,0.2805,2.03145,1.9597499999999999,2.665,0.26
9872292,K01537.01,10.1915,9.35,8.26,418.74163,0.0966,1.39,Super-Earth,1.156,6212.0,3.7888,1.8492,2.6667,False,1,11.74,6000-7000K (F dwarf),1.7526,0.2805,2.25795,2.16135,2.644,0.3899999999999999
8227464,K06994.01,4.2591,7.0,9.57,47.92716,0.0515,0.83,Rocky,1.002,5858.0,2.5943,1.5302,2.2066,False,1,12.832,5000-6000K (G dwarf),1.4787,0.2801,1.8683999999999998,1.8168999999999997,2.686,0.17000000000000004
7106173,K03083.02,6.2321,12.05,3.32,120.68485,0.0691,0.61,Rocky,1.131,5843.0,1.2288,1.0531,1.5187,False,1,12.857,5000-6000K (G dwarf),0.984,0.28,1.2858999999999998,1.2167999999999999,2.613,0.39
6198182,K02636.02,5.1777,6.75,13.09,2235.91205,0.0592,0.63,Rocky,1.03,5854.0,1.0099,0.9547,1.3767,False,1,12.32,5000-6000K (G dwarf),0.8955,0.2799,1.1657,1.1065,2.622,0.37
4147444,K03880.01,1.8037,4.25,17.81,652183.4506,0.0295,1.03,Rocky,1.054,6438.0,2.0955,1.3752,1.9832,False,1,10.762,6000-7000K (F dwarf),1.3457,0.2795,1.6792,1.6497,2.713,0.030000000000000027
9579208,K03165.01,4.1176,2.1,2.0,1782.36004,0.0553,1.09,Rocky,1.33,6422.0,5.2229,2.1711,3.131,False,1,10.335,6000-7000K (F dwarf),2.1158,0.2792,2.6510499999999997,2.59575,2.704,0.09000000000000008
12253474,K01947.01,6.4229,7.3,13.66,748.90713,0.0687,1.66,Super-Earth,1.049,6102.0,1.284,1.0765,1.5524,False,1,12.335,6000-7000K (F dwarf),1.0078,0.2784,1.31445,1.24575,2.618,0.6599999999999999
7625138,K05406.01,5.7197,2.8,2.09,2493.58756,0.067,0.82,Rocky,1.227,6356.0,5.0931,2.144,3.0918,False,1,11.331,6000-7000K (F dwarf),2.077,0.2779,2.6179,2.5509,2.691,0.18000000000000005
8016692,K06954.01,6.6136,7.4,11.89,12.20806,0.0704,0.57,Rocky,1.065,6067.0,1.2035,1.0422,1.5029,False,1,13.109,6000-7000K (F dwarf),0.9718,0.2778,1.2725499999999998,1.2021499999999998,2.609,0.43000000000000005
11290515,K04716.01,5.8943,3.05,3.49,13.66166,0.0657,0.61,Rocky,1.087,5929.0,1.4535,1.1453,1.6517,False,1,12.322,5000-6000K (G dwarf),1.0796,0.2774,1.3984999999999999,1.3327999999999998,2.632,0.39
7661893,K04296.01,2.4938,4.15,10.94,20.14081,0.0359,0.8,Rocky,0.995,6171.0,1.6118,1.2061,1.7393,False,1,13.03,6000-7000K (F dwarf),1.1702,0.2771,1.4727000000000001,1.4368,2.695,0.19999999999999996
5946568,K05211.01,3.5645,6.05,13.15,150923.47571,0.044,0.57,Rocky,0.894,5461.0,0.5326,0.6933,0.9998,False,1,12.936,5000-6000K (G dwarf),0.6493,0.2765,0.84655,0.80255,2.618,0.43000000000000005
8394475,K07032.01,3.6405,3.85,5.76,8.32788,0.0457,0.66,Rocky,0.961,5955.0,1.1081,1.0,1.4421,False,1,12.646,5000-6000K (G dwarf),0.9543,0.2764,1.22105,1.17535,2.659,0.33999999999999997
10384298,K03224.01,3.4386,3.7,7.6,712.2811,0.0422,0.56,Rocky,0.847,5431.0,0.4737,0.6538,0.9429,False,1,12.192,5000-6000K (G dwarf),0.6116,0.2762,0.79835,0.75615,2.616,0.43999999999999995
9943009,K07258.01,2.4376,4.95,1.53,152.58491,0.0368,0.79,Rocky,1.118,5927.0,2.5919,1.5294,2.2056,False,1,12.66,5000-6000K (G dwarf),1.4926,0.2757,1.8675000000000002,1.8307000000000002,2.707,0.20999999999999996
11401253,K04823.01,4.9651,5.7,14.8,11703.58312,0.0566,1.37,Super-Earth,0.982,5339.0,2.9482,1.6312,2.3523,False,1,12.739,5000-6000K (G dwarf),1.5746,0.2756,1.9917500000000001,1.9351500000000001,2.684,0.3700000000000001
5564082,K06600.01,2.7058,5.25,2.99,843673.73929,0.0365,0.69,Rocky,0.884,5992.0,1.0681,0.9818,1.4159,False,1,10.715,5000-6000K (G dwarf),0.9453,0.2753,1.19885,1.16235,2.678,0.31000000000000005
10290021,K07305.01,3.7292,5.95,6.37,1841.34151,0.0523,0.8,Rocky,1.37,6215.0,5.6255,2.2532,3.2494,False,1,9.976,6000-7000K (F dwarf),2.2009,0.2752,2.7513,2.6990000000000003,2.709,0.19999999999999996
10352333,K03991.01,1.5706,4.95,5.06,288491.20274,0.0249,1.37,Super-Earth,0.837,5519.0,0.7061,0.7983,1.1512,False,1,13.14,5000-6000K (G dwarf),0.7734,0.2751,0.97475,0.94985,2.692,0.3700000000000001
10066755,K07281.01,2.4651,2.15,12.78,1001778.41655,0.0395,1.14,Rocky,1.356,6881.0,5.9091,2.3093,3.3303,False,1,12.446,6000-7000K (F dwarf),2.2698,0.2745,2.8198,2.7803,2.723,0.1399999999999999
9836563,K04421.01,4.7269,6.85,3.39,17.80324,0.0569,0.61,Rocky,1.1,5950.0,1.6085,1.2049,1.7375,False,1,12.788,5000-6000K (G dwarf),1.148,0.2743,1.4712,1.4143000000000001,2.655,0.39
8007675,K06949.01,2.3524,2.15,8.61,827.60083,0.0366,0.8,Rocky,1.185,6751.0,2.6658,1.5511,2.2368,False,1,12.047,6000-7000K (F dwarf),1.5145,0.274,1.89395,1.85735,2.709,0.19999999999999996
6058816,K03500.02,4.7484,2.25,5.23,22.34086,0.0551,0.57,Rocky,0.988,6085.0,1.1384,1.0136,1.4617,False,1,13.214,6000-7000K (F dwarf),0.9585,0.2739,1.23765,1.18255,2.639,0.43000000000000005
9457728,K04637.01,4.3799,8.65,1.25,367.9639,0.0558,0.73,Rocky,1.21,6390.0,5.1196,2.1495,3.0998,False,1,10.438,6000-7000K (F dwarf),2.0937,0.2728,2.62465,2.56885,2.703,0.27
10319385,K01169.01,0.6892,0.7,1.57,23.13383,0.0156,1.32,Super-Earth,1.064,5630.0,0.8204,0.8605,1.2409,False,1,13.248,5000-6000K (G dwarf),0.8449,0.2727,1.0507,1.0351,2.721,0.32000000000000006
11098013,K02712.01,7.5079,12.0,6.55,14890.07667,0.0825,1.77,Super-Earth,1.329,6408.0,2.7042,1.5622,2.2529,False,1,11.125,6000-7000K (F dwarf),1.4797,0.2725,1.90755,1.82505,2.642,0.77
6029239,K00304.02,5.5182,6.75,18.45,46.2221,0.0607,0.46,Rocky,0.979,5767.0,0.7703,0.8338,1.2024,False,1,12.549,5000-6000K (G dwarf),0.7731,0.2725,1.0181,0.9574,2.597,0.54
9117416,K03425.03,7.6436,9.75,14.96,319.52427,0.0818,1.59,Super-Earth,1.251,6120.0,5.0345,2.1316,3.074,False,1,13.266,6000-7000K (F dwarf),2.0498,0.2724,2.6028000000000002,2.5210000000000004,2.675,0.5900000000000001
7887791,K01964.01,2.2293,3.4,1.67,45.2564,0.0324,0.6,Rocky,0.914,5587.0,0.6541,0.7683,1.108,False,1,10.687,5000-6000K (G dwarf),0.7359,0.2724,0.93815,0.90575,2.666,0.4
9002538,K03196.01,4.9606,6.4,13.99,86.43778,0.0607,0.64,Rocky,1.21,6422.0,2.957,1.6336,2.3558,False,1,11.525,6000-7000K (F dwarf),1.5729,0.2719,1.9947,1.934,2.678,0.36
7891294,K04699.01,3.0771,3.65,18.62,44.73411,0.0425,0.64,Rocky,1.084,6319.0,1.5235,1.1726,1.691,False,1,12.889,6000-7000K (F dwarf),1.1301,0.2719,1.4318,1.3893,2.68,0.36
5108214,K01924.01,2.1191,2.1,0.9,2186.70152,0.0356,1.35,Super-Earth,1.339,5799.0,5.7327,2.2746,3.2802,False,1,7.837,5000-6000K (G dwarf),2.239,0.2717,2.7774,2.7418,2.727,0.3500000000000001
9072639,K04198.01,1.1829,1.45,18.28,12.7438,0.0237,1.26,Super-Earth,1.269,6017.0,8.1901,2.7187,3.9207,False,1,12.638,6000-7000K (F dwarf),2.695,0.2712,3.3197,3.2960000000000003,2.742,0.26
6035335,K06648.01,1.0444,0.95,9.04,23802.22727,0.0232,1.17,Rocky,1.523,7274.0,7.242,2.5565,3.6868,False,1,11.865,>7000K (A star),2.5333,0.2706,3.12165,3.0984499999999997,2.741,0.16999999999999993
5172274,K06533.01,6.1265,8.95,2.61,6799.51209,0.076,1.55,Super-Earth,1.563,6903.0,5.4393,2.2156,3.1952,False,1,12.625,6000-7000K (F dwarf),2.1396,0.2703,2.7054,2.6294,2.684,0.55
3634169,K06346.01,2.9591,2.45,17.2,13.23852,0.0403,0.65,Rocky,0.999,6192.0,2.305,1.4423,2.08,False,1,12.913,6000-7000K (F dwarf),1.402,0.2703,1.76115,1.72085,2.699,0.35
9579641,K00115.03,3.4359,5.6,8.66,214.74263,0.0437,0.55,Rocky,0.941,5779.0,1.1824,1.033,1.4897,False,1,12.791,5000-6000K (G dwarf),0.9893,0.27,1.26135,1.21765,2.666,0.44999999999999996
3129238,K07645.01,2.0087,3.1,2.89,28425.59538,0.0277,0.55,Rocky,0.705,5341.0,0.4206,0.6161,0.8885,False,1,12.334,5000-6000K (G dwarf),0.5884,0.2697,0.7523,0.7246,2.66,0.44999999999999996
5897826,K00126.02,0.8752,0.95,8.55,13.65809,0.0189,0.73,Rocky,1.174,5855.0,3.401,1.752,2.5265,False,1,13.109,5000-6000K (G dwarf),1.7331,0.2697,2.13925,2.12035,2.738,0.27
5096053,K04331.01,1.7179,2.75,6.72,376.59426,0.0306,1.34,Super-Earth,1.299,6674.0,4.7701,2.0749,2.9922,False,1,13.228,6000-7000K (F dwarf),2.0443,0.2696,2.53355,2.50295,2.729,0.3400000000000001
7746958,K02324.01,1.2047,3.8,5.14,6145.11207,0.0222,1.55,Super-Earth,1.0,5780.0,1.0014,0.9507,1.3709,False,1,11.671,5000-6000K (G dwarf),0.9285,0.2696,1.1608,1.1386,2.71,0.55
5563057,K05179.01,1.0495,1.05,0.05,24.20691,0.023,0.84,Rocky,1.469,7479.0,7.8007,2.6533,3.8264,False,1,12.519,>7000K (A star),2.6303,0.2696,3.23985,3.21685,2.742,0.16000000000000003
3119256,K02784.01,4.1425,1.8,13.09,6260.86077,0.0509,1.44,Super-Earth,1.027,6788.0,5.8669,2.3011,3.3184,False,1,11.056,6000-7000K (F dwarf),2.2502,0.2694,2.80975,2.7588500000000002,2.712,0.43999999999999995
6767227,K04871.01,4.082,2.2,7.79,35.96507,0.051,0.6,Rocky,1.061,6538.0,2.1907,1.4061,2.0277,False,1,13.05,6000-7000K (F dwarf),1.3551,0.2694,1.7168999999999999,1.6659,2.68,0.4
9652166,K07216.01,0.6465,0.7,8.27,259.18353,0.0166,0.82,Rocky,1.448,7247.0,5.5755,2.2432,3.2349,False,1,12.884,>7000K (A star),2.2266,0.269,2.7390499999999998,2.72245,2.745,0.18000000000000005
3848948,K05016.01,0.5236,0.8,1.85,205.08788,0.0166,1.08,Rocky,2.225,8277.0,52.1163,6.8582,9.8902,False,1,10.061,>7000K (A star),6.8416,0.2689,8.3742,8.3576,2.756,0.08000000000000007
6763884,K06763.01,2.4469,4.0,8.98,314.005,0.0358,0.56,Rocky,1.022,5821.0,1.0992,0.996,1.4364,False,1,12.16,5000-6000K (G dwarf),0.9602,0.2687,1.2162,1.1804,2.68,0.43999999999999995
9541295,K03132.01,0.5367,1.7,5.59,24.4645,0.0138,1.35,Super-Earth,1.22,6020.0,4.7134,2.0625,2.9743,False,1,12.649,6000-7000K (F dwarf),2.0487,0.2686,2.5183999999999997,2.5046,2.747,0.3500000000000001
9109857,K02833.01,1.7919,1.8,0.45,17.39906,0.0303,1.48,Super-Earth,1.156,6002.0,5.3272,2.1927,3.162,False,1,12.599,6000-7000K (F dwarf),2.1624,0.2679,2.6773499999999997,2.6470499999999997,2.731,0.48
6277594,K05255.01,3.6607,6.75,7.8,22.49609,0.0474,0.55,Rocky,1.058,6354.0,1.776,1.266,1.8258,False,1,13.164,6000-7000K (F dwarf),1.2186,0.2673,1.5459,1.4985,2.677,0.44999999999999996
6928906,K03242.01,1.5495,4.15,10.72,15.89518,0.0329,1.32,Super-Earth,1.976,7382.0,20.948,4.3481,6.2703,False,1,12.374,>7000K (A star),4.3152,0.2666,5.3092,5.2763,2.745,0.32000000000000006
9654875,K02272.01,1.3415,4.6,14.3,17.05785,0.0287,1.31,Super-Earth,1.754,7495.0,16.1588,3.8188,5.5071,False,1,12.783,>7000K (A star),3.7901,0.2665,4.66295,4.634250000000001,2.745,0.31000000000000005
7134626,K07818.01,2.5244,2.35,6.91,658.21484,0.0393,1.53,Super-Earth,1.266,6461.0,7.7401,2.643,3.8115,False,1,13.063,6000-7000K (F dwarf),2.6037,0.2662,3.2272499999999997,3.18795,2.728,0.53
6779260,K02678.02,2.2166,4.95,11.66,513425.90726,0.0319,0.48,Rocky,0.878,5397.0,0.5257,0.6888,0.9933,False,1,11.799,5000-6000K (G dwarf),0.6569,0.2656,0.84105,0.8091499999999999,2.657,0.52
4945877,K01936.01,1.3397,3.25,19.13,543.33289,0.0312,1.2,Rocky,2.256,9436.0,33.2163,5.4752,7.8958,False,1,10.455,>7000K (A star),5.444,0.2649,6.6855,6.6543,2.749,0.19999999999999996
12301181,K02059.02,2.1857,3.25,0.87,13.43719,0.0307,0.44,Rocky,0.806,4997.0,0.3113,0.5301,0.7644,False,1,12.906,4000-5000K (K dwarf),0.4994,0.2647,0.64725,0.61655,2.631,0.56
8396660,K04407.01,1.3381,3.8,5.34,40.19275,0.0257,0.6,Rocky,1.269,6355.0,2.5459,1.5158,2.186,False,1,11.179,6000-7000K (F dwarf),1.4901,0.2644,1.8509,1.8252,2.723,0.4
11709006,K08061.01,0.7197,2.2,1.89,5041519.59459,0.0162,0.57,Rocky,1.101,6014.0,1.1573,1.022,1.4738,False,1,8.777,6000-7000K (F dwarf),1.0058,0.2631,1.2479,1.2317,2.726,0.43000000000000005
9697131,K02706.01,3.0976,5.85,5.57,77948.45591,0.0464,1.8,Super-Earth,1.39,6491.0,5.7497,2.278,3.2851,False,1,10.268,6000-7000K (F dwarf),2.2316,0.2625,2.78155,2.73515,2.716,0.8
11456279,K03204.01,0.5729,0.95,10.54,196.90898,0.0156,1.57,Super-Earth,1.553,7338.0,6.6013,2.4408,3.52,False,1,11.825,>7000K (A star),2.4252,0.2612,2.9804,2.9648,2.747,0.5700000000000001
10646620,K07352.01,2.4133,2.3,4.69,122.23632,0.0369,0.5,Rocky,1.149,6640.0,2.227,1.4177,2.0445,False,1,13.253,6000-7000K (F dwarf),1.3808,0.2604,1.7311,1.6942000000000002,2.703,0.5
11013201,K00972.02,7.8226,7.0,10.52,928.88482,0.0981,1.73,Super-Earth,2.06,8002.0,31.3653,5.3205,7.6727,False,1,9.275,>7000K (A star),5.2224,0.2602,6.4966,6.3985,2.72,0.73
8579684,K07594.01,2.088,1.25,19.73,74.25718,0.0352,1.93,Super-Earth,1.335,6593.0,4.7278,2.0656,2.9788,False,1,12.579,6000-7000K (F dwarf),2.0304,0.2592,2.5221999999999998,2.4869999999999997,2.723,0.9299999999999999
7905106,K04582.01,4.2243,4.6,8.89,21.74434,0.0494,0.35,Rocky,0.903,5735.0,0.7567,0.8264,1.1918,False,1,11.756,5000-6000K (G dwarf),0.777,0.259,1.0091,0.9597000000000001,2.626,0.65
9006186,K02169.04,2.1925,3.75,14.02,512.97503,0.0324,0.37,Rocky,0.944,5450.0,0.5612,0.7117,1.0263,False,1,12.404,5000-6000K (G dwarf),0.6793,0.2564,0.869,0.8366,2.659,0.63
