kepid,kepoi_name,catalog_period,detected_period,period_match_pct,bls_power
4150611,K03156.01,0.7611,0.5,31.38,2018752.9861
6032730,K06141.01,96.5092,4.0,91.71,35029.67976
3230227,K06311.01,7.0471,0.55,84.39,77258.46832
6670742,K06753.01,72.282,5.3,85.34,144544.26018
2696703,K03161.01,6.0941,1.55,49.13,12168734.771
9414417,K00974.01,53.5061,2.8,89.53,563.11811
10614012,K01807.01,132.1342,4.6,93.04,6966.39206
3441784,K00976.01,52.569,5.5,79.08,34119.11915
6876575,K07572.01,91.0699,4.0,91.22,17.35142
6790592,K07791.01,106.1873,2.8,94.73,41.08724
7296438,K00364.01,173.9285,0.7,99.2,55.87625
9955262,K00076.01,77.4797,4.6,88.13,11376.3996
1025986,K07621.01,275.0736,3.4,97.53,1705137.94589
8176564,K02720.01,6.5716,2.0,39.13,88.49269
12167361,K00980.01,47.931,0.9,96.24,387.07483
4450844,K03168.01,56.3481,5.4,80.83,71.95942
12168280,K08297.01,229.9575,3.4,97.04,2928.8205
6117415,K06019.01,19.7416,6.6594,32.53,7394.97157
9268159,K08180.01,185.9753,5.3,94.3,5782.76055
3425851,K00268.01,110.3784,8.0,85.5,140.76943
8718273,K05564.01,3.4795,2.55,26.71,18855.03459
10214328,K07296.01,659.3457,1.8,99.45,888.76478
12021387,K03522.01,241.0715,6.0,95.02,412.5878
8197761,K06175.01,9.8687,0.95,80.75,8258617.84467
5513648,K01962.01,32.8586,5.9,64.09,1281.14645
7199397,K00075.01,105.8853,1.9,96.41,84.21119
5380812,K06570.01,16.2145,0.7594,90.63,90877.81938
3545840,K06102.01,54.2916,2.8,89.69,15249.50763
6266866,K05254.01,232.9161,6.2,94.68,15.88564
8279146,K05497.01,93.3597,5.2,88.86,88.61322
5460434,K07729.01,50.5637,3.4,86.55,2745.0237
7431665,K06877.01,281.5028,2.2,98.44,9738.07709
10155286,K07988.01,333.4862,4.3,97.42,1715.32779
8297017,K07879.01,128.2086,9.8,84.71,1502.90196
7222086,K01701.01,2.439,1.7,30.3,505.43659
6268648,K01613.02,94.094,1.5,96.81,12.64909
9775385,K04462.01,45.163,0.7,96.9,2242.17382
11251991,K05881.01,134.3587,3.0,95.53,212.29138
8868481,K05578.01,388.0485,1.8,99.07,41.31241
11338091,K08221.01,293.3864,7.5,94.89,83.41684
9475697,K05684.01,206.8011,5.7,94.49,2621.63606
9173014,K05633.01,151.7788,0.8,98.95,1929.01376
9166700,K05632.01,264.4666,3.4,97.43,1575.59874
3003992,K01119.02,13.5548,0.7711,88.62,19.83754
4735826,K03184.03,4.0202,1.4,30.35,33.62404
9178894,K05635.01,113.9932,5.6,90.17,805.55025
8652997,K05554.01,362.222,1.6,99.12,14.03037
11623629,K00365.02,117.761,4.0,93.21,34.33572
2013883,K06258.01,0.7646,4.6,100.54,60.93838
11081504,K04287.01,13.1231,1.2874,80.38,32.41003
1575873,K04359.01,0.629,3.35,77.53,469.50716
11970288,K07501.01,20.7106,6.9617,32.77,1197.99148
9552608,K00080.01,9.2506,0.75,83.78,219.71048
5617510,K06605.01,74.3717,4.7,87.36,13788.8985
4663185,K03805.01,56.6995,3.2,88.71,7036.16284
12402588,K05968.01,97.9424,8.6,82.44,116.30145
10272858,K05782.01,584.556,1.0,99.66,292.65583
6603043,K00368.01,110.3217,2.5,95.47,8.50277
5802205,K08107.01,578.8876,0.6,99.79,15.98582
7103300,K06819.01,3.2262,0.7,56.61,12.06909
8517303,K06181.01,24.0764,4.1596,65.45,18136.61066
7429287,K04260.04,84.7998,1.7,95.99,43.19265
5985713,K03190.01,8.953,1.95,56.44,11.79471
11282568,K07430.01,1.3205,0.85,28.74,3384.2114
8009811,K05459.01,53.5537,6.9,74.23,4932.42235
10467815,K03191.02,371.1757,7.3,96.07,474.33122
7375348,K00266.02,47.7436,1.7,92.88,20.6445
9394953,K05665.01,100.4941,5.2,89.65,36.63739
10187017,K00082.06,22.4099,6.6851,40.34,1043.77429
4075067,K03777.01,17.7476,1.3519,84.77,225031.3044
7206422,K05373.01,50.5508,7.7,69.54,453.86112
8453324,K07044.01,1.2623,4.65,22.79,2518.21883
5695396,K00283.03,9.4881,7.0,26.22,5227.24435
8443527,K03197.01,22.5995,5.9239,47.58,38450.45626
8223568,K06176.01,143.0969,2.0,97.2,2963.08233
9822284,K04807.01,0.9698,4.35,49.51,80.75937
5131276,K05129.01,0.6688,4.65,131.75,45253.22442
11506938,K05906.01,22.5756,6.8212,39.57,588.86914
8096395,K07587.01,366.0841,8.1,95.57,13795.30232
8005002,K05457.01,578.2162,6.3,97.82,833.95474
12016267,K02590.02,22.7909,3.3261,70.81,55.3291
7592529,K06889.01,75.9067,1.7,95.52,21.31376
4953262,K05110.01,105.5902,9.1,82.76,546.00611
4680772,K04707.01,26.1903,0.9,93.13,12.58519
9469494,K07938.01,275.5603,3.1,97.75,601.70946
8554498,K00005.01,4.7803,0.5,79.08,19.48225
4049901,K02295.01,16.2909,2.3246,71.46,13.78918
3101178,K04963.01,59.4038,3.1,89.56,77.19619
8509781,K05529.01,70.3359,1.9,94.6,6220.31647
3545478,K00366.01,75.1122,4.1,89.08,520.62715
5308778,K06563.01,20.2828,5.8547,42.27,1710.85864
4262040,K03202.01,92.4648,5.6,87.89,52.58109
3122872,K03203.01,96.8172,3.0,93.8,325.07827
9602613,K02612.02,7.5731,0.5,86.8,17.11858
5612697,K03206.01,15.1516,0.5,93.4,13.17205
4144236,K06109.02,10.0047,6.05,20.94,2453.94477
5394585,K05158.01,151.1301,1.4,98.15,777.32756
8703129,K02758.01,253.3746,1.3,98.97,67.92763
10155029,K03208.01,2.1317,1.5,29.63,23.60121
10464199,K07330.01,198.1131,2.5,97.48,10.27959
8873090,K02968.01,10.1644,4.05,20.31,53.23241
7017274,K03209.01,11.9126,8.15,31.58,2790.96055
8873873,K08174.01,295.0607,0.7,99.53,13.61963
7838906,K06165.02,35.4261,1.9,89.27,13425.58277
2850321,K04956.01,25.2219,8.7,31.01,5810.87474
7914906,K06047.01,8.7529,1.6,63.44,38718.04871
8345384,K04399.01,42.1005,9.8,53.44,3702.45164
5398002,K03213.01,14.1606,1.3496,80.94,13.41402
12735793,K05979.01,37.7935,9.7,48.67,60.25955
4048898,K07678.01,13.0915,3.223,50.76,31.17637
11869052,K00120.01,20.5455,5.6775,44.73,244.09234
7983117,K03214.02,25.0902,2.8,77.68,26.14732
7287683,K01622.01,69.8348,1.1,96.85,105.29029
9214176,K05640.01,348.666,9.4,94.61,209.05607
9906489,K07249.01,8.9651,2.85,36.42,24.31083
8494783,K06180.02,58.9256,5.6,80.99,2687.02156
9588822,K04388.02,61.8589,3.1,89.98,2706.72689
5174492,K06534.01,0.7206,3.9,80.4,20103.50179
11187972,K07416.01,37.4647,1.4,92.53,30.59404
9145861,K06194.01,42.2966,0.5,97.64,622.23477
11820830,K01728.01,12.7319,1.0602,83.35,127854.8187
5894182,K07750.01,494.4851,5.2,97.9,1106.6317
11097752,K05867.01,359.8455,25.4,85.88,2262.45257
4139254,K06108.01,485.923,9.8,95.97,503.43222
10616656,K05814.01,25.2852,2.2,82.6,13.95742
9221398,K06066.01,13.7875,9.5998,30.37,745.78835
10932270,K07389.01,27.5838,6.3,54.32,523.99659
5652983,K00371.01,498.3928,1.6,99.36,34.9229
6837283,K02914.01,21.1182,5.8218,44.86,75.15167
5544450,K03226.02,6.9365,1.4,59.63,910.53771
7974634,K06168.02,75.073,2.7,92.81,991.03202
12401859,K05967.01,22.8632,5.0726,55.63,129.26995
3240159,K03515.01,82.1376,2.8,93.18,69.5977
6470149,K01230.01,165.7419,30.8,62.83,3860.92877
9288237,K03114.01,7.4913,1.3,65.29,46.39674
11804437,K04878.01,449.015,8.2,96.35,17.04462
10685764,K05822.01,17.6343,5.6492,35.93,31.69672
7902003,K03236.01,7.1304,1.75,50.91,27.7239
11336883,K01445.02,54.3256,3.9,85.64,53.85777
5819801,K04686.01,11.831,7.45,25.94,13.87243
7672940,K01463.01,580.0,4.5,98.45,109.73095
11456256,K05901.01,61.6104,2.2,92.86,20.02137
8307489,K05502.01,421.9819,1.0,99.53,35.20762
10978581,K05847.01,277.1143,8.4,93.94,738.65331
10907307,K08217.01,277.2512,19.2,86.15,8152.0207
10552263,K05806.01,313.8275,3.4,97.83,23.27182
6309307,K05262.01,438.984,3.0,98.63,324.67024
3660581,K07662.01,4.7252,1.45,38.63,4606.55404
5734702,K05196.01,392.4729,1.0,99.49,89.03925
4764969,K06450.01,0.6023,3.55,96.48,1020.72276
2861298,K04958.01,581.729,3.1,98.93,44.22589
6145939,K05243.01,17.7454,1.7067,80.76,700247.77285
5650930,K05188.01,455.1955,3.0,98.68,573.7097
6850665,K03244.01,214.7181,7.7,92.83,666.10544
8395870,K05511.01,74.8336,0.7,98.13,24.94713
8937555,K05585.01,113.5739,10.7,81.16,186.95857
4548011,K04288.02,9.0875,2.8,38.38,26.29241
9217583,K05642.01,222.2806,1.2,98.92,612.46007
10917433,K03248.01,6.9126,0.5,85.53,11.09793
4150972,K05044.01,161.5377,10.4,87.12,13.93885
10879899,K05839.01,169.4151,5.7,93.27,630.76051
5858919,K08109.01,218.7711,5.5,94.97,2949.03991
5954894,K05213.01,48.2456,2.9,87.98,12.69171
11775507,K06245.01,144.1026,2.2,96.95,594.6736
8165617,K06173.01,214.013,6.6,93.83,258.80137
11147785,K05873.01,217.1701,4.9,95.49,1737.41112
4072271,K07680.01,219.2058,1.0,99.09,69.31536
9026248,K05603.01,341.5579,4.3,97.48,151.96045
5436455,K05164.01,209.9675,3.4,96.76,14.68112
7009548,K05341.01,15.1858,3.1727,58.21,42782.45209
5130740,K03583.01,210.3063,5.6,94.67,10509.71618
9957668,K05744.01,30.6953,5.4,64.82,32072.53276
4346339,K05057.01,493.7424,9.3,96.23,341.44038
7282470,K05379.01,520.6552,1.7,99.35,91.19343
11969988,K04011.01,2.1907,0.5,54.35,10.97823
4770798,K05087.01,651.0743,2.6,99.2,14.53733
4950557,K06483.01,24.7148,5.0475,59.15,253079.29611
9157523,K05629.01,192.1387,9.2,90.42,29.22376
2834805,K07638.01,25.0032,8.1,35.21,3474.26254
8741367,K05566.01,0.9887,4.7,58.47,453.62169
3230787,K06101.01,17.734,4.969,43.96,8350.58839
10163067,K07291.01,25.9147,2.9,77.62,197.3
8197406,K05486.01,4.1547,0.8,61.49,80756.99249
9286088,K04318.01,14.8162,1.9816,73.25,357.02693
10656842,K05816.01,82.5081,9.3,77.46,624.47166
8242350,K05493.01,6.9935,4.45,27.26,1673.89027
4055765,K00100.01,9.9664,2.85,42.81,327.42396
8076215,K05472.01,97.5137,4.9,89.95,92.91233
2305866,K02610.02,115.2307,2.6,95.49,294.39595
10198225,K07991.01,11.9451,8.9,25.49,119.29596
5039053,K05121.01,401.2044,4.2,97.91,11.53729
7100673,K04032.05,7.2352,2.4,33.66,12.03244
7778427,K04482.01,5.383,0.75,72.13,12.48692
9084569,K07923.01,395.1314,9.5,95.19,21.76559
7137213,K03907.01,28.6434,2.1,85.34,2206.65155
2443393,K02603.01,73.711,28.9,21.59,57.96198
5036052,K05119.01,143.1637,9.6,86.59,136.83894
4253860,K05052.01,155.0453,0.8,98.97,724.99892
8288404,K05498.01,519.7981,6.6,97.46,852.21546
11182706,K08046.01,384.3771,8.7,95.47,1731.66719
3965201,K07546.01,44.1139,1.9,91.39,360.76227
1723078,K07624.01,330.025,2.6,98.42,203.39937
9716028,K04273.01,17.3733,4.8781,43.84,21.89183
4840327,K05093.01,26.7371,8.4,37.17,9.89473
6451368,K07780.01,5.3361,1.05,60.65,1284.20733
7917068,K05446.01,416.9504,8.4,95.97,17965.19355
9079671,K05609.01,535.1515,8.7,96.75,3062.07661
4914221,K05099.01,111.1871,4.9,91.19,3418.36384
12506986,K05973.01,419.9337,4.6,97.81,386.33415
8684730,K00319.01,46.1512,7.6,67.06,51.00201
12785320,K00298.02,57.384,9.8,65.84,36.98775
7515336,K04663.01,5.6569,0.55,80.55,16.33426
11959893,K05945.01,40.7282,3.1,84.78,520.68891
4255422,K03528.01,165.4058,5.3,93.59,12.92689
6366559,K05274.01,55.7584,0.7,97.49,34.50073
4572728,K08249.01,309.1918,8.1,94.76,14.63336
2852810,K06097.04,126.5057,5.5,91.3,336.48405
11305417,K05883.01,198.7812,3.7,96.28,89.7674
2301068,K06263.01,8.6097,0.7,83.74,45.12425
10351947,K08205.01,260.4462,4.0,96.93,529.69705
4739229,K06118.01,571.2809,1.0,99.65,466.9386
5179609,K05132.01,43.9312,1.6,92.72,41.49825
3663850,K08089.01,141.4003,4.6,93.49,768.68844
11350634,K08050.01,278.3893,8.8,93.68,84.98668
7837526,K05436.01,28.2972,0.9,93.64,9.89997
5444276,K07559.01,0.709,4.25,99.82,13419.62618
9886361,K02732.04,24.5607,16.1206,31.27,66.35794
11860294,K05938.01,545.2056,2.4,99.12,10.91958
10019399,K01796.01,11.8057,4.1,30.54,1950.2407
9491832,K04226.01,49.5647,17.0,31.4,43.75972
5857656,K05205.01,313.0514,1.7,98.91,15.04084
6048024,K01684.01,62.8158,9.1,71.03,893.35896
9521317,K07940.01,188.881,3.8,95.98,6751.88932
8264402,K04037.01,215.9599,7.6,92.96,101.14381
4912589,K06469.01,34.1883,4.1,76.02,10141.15814
7198587,K05369.01,651.358,3.3,98.99,138.83129
8094120,K04881.01,5.6795,1.75,38.38,17.46087
2309719,K01020.01,54.3563,5.7,79.03,46.83471
4639868,K01326.01,53.1009,1.0,96.23,8.62476
9899181,K02867.02,18.94,2.6213,72.32,8.00533
4255944,K06111.01,228.6541,4.7,95.89,441.71634
4164922,K03864.02,18.2574,6.0503,33.72,57416.14992
11656928,K06242.03,78.8668,7.7,80.47,149.56798
8719419,K03506.01,12.6253,1.6615,73.68,2251290.50888
6975129,K01628.03,37.8404,2.4,87.32,2971.6552
9044060,K05604.01,476.9198,2.5,98.95,27.05762
4813793,K07708.01,6.7024,1.0,70.16,15.70014
5809372,K06630.01,34.6506,1.6,90.76,25.07054
9489524,K02029.04,4.7885,3.15,31.57,4146.93445
8505215,K00099.01,579.931,32.5,88.79,53.17045
9533489,K03783.01,197.1455,0.5,99.49,2069.60316
7416646,K05389.01,365.7399,6.5,96.45,89.50103
9289704,K02222.01,34.1356,9.6,43.75,2829.35899
4758350,K06447.02,91.65,1.1,97.6,379.7434
7125794,K05358.01,126.5861,3.3,94.79,49.9586
7199060,K04152.01,64.1836,2.3,92.83,2257.92479
11651240,K05925.01,93.006,4.0,91.4,23.29192
10026544,K02312.01,176.3313,0.9,98.98,16.44771
6364582,K03456.02,486.127,13.9,94.28,82.20195
4071638,K05037.01,349.5881,26.4,84.9,125544.90567
9466042,K07175.01,9.2743,1.75,62.26,19.88952
11071200,K02696.02,44.5645,1.7,92.37,323.04063
5385304,K02370.01,78.7327,8.9,77.39,366.95856
4164511,K05046.01,40.9882,4.0,80.48,3654.95601
8628761,K04580.01,6.3042,1.15,63.52,12.08934
10850327,K05833.01,440.161,5.5,97.5,23.03375
3852872,K07673.01,80.7699,3.3,91.83,5515.19644
4915582,K05101.01,436.1881,2.4,98.9,11.77572
11615521,K05923.01,366.6846,4.1,97.76,145.78557
4366923,K05059.01,646.2882,1.5,99.54,56.8654
3229028,K06100.02,117.6846,5.7,90.31,172.54643
6594945,K05300.01,188.9658,0.6,99.36,16.37144
10290666,K00332.02,6.8668,5.45,20.63,22.81887
8074328,K02486.01,4.268,3.1,27.37,11.85567
4252671,K07687.01,23.2666,0.9653,91.7,15.36452
5859725,K05207.01,18.9822,0.5,94.73,16.97342
7625143,K05407.01,58.5029,18.0,38.46,630.15256
8625408,K07073.01,279.0127,4.9,96.49,23.77873
8423903,K07038.01,12.4945,0.55,91.2,25.39441
9391817,K05663.01,140.8847,1.0,98.58,10.83946
11519134,K03419.01,58.5851,5.7,80.54,12019.85916
7918652,K02984.01,11.4554,0.7,87.78,13.3706
12254688,K02384.01,62.6826,9.1,70.96,24.66398
11341266,K05886.01,284.8718,4.8,96.63,31.23646
8702537,K07905.01,7.4752,0.6,83.95,11.35637
10228942,K06219.01,21.0255,2.2661,78.44,18452.312
4484179,K05068.01,385.2921,1.2,99.38,15.8966
11614808,K05921.01,175.4528,8.3,90.54,10.63687
9111849,K02042.01,63.0736,0.9,97.15,1040.05784
7622486,K01447.01,40.2465,2.3,88.57,413994.02443
6067545,K05236.01,550.8598,7.8,97.17,31.14964
8105398,K05475.02,5.6833,1.5,47.21,11.84719
8773015,K04301.02,6.3192,1.75,44.61,1074.97591
8233326,K04834.01,3.741,1.2,35.85,32.87906
5687986,K07735.01,382.3031,8.5,95.55,25.01399
3324069,K06320.01,22.8026,13.908,21.99,39.82793
11453930,K05900.01,355.8473,6.6,96.29,55.40236
11825996,K07483.01,16.9163,0.5,94.09,11.08766
7695445,K06906.01,1.7434,1.35,22.56,33857.33792
12105086,K05954.01,73.909,8.2,77.81,1184.23261
7950158,K05451.01,529.3917,8.5,96.79,48.09532
11967788,K04021.01,7.2353,2.8,22.6,714.1314
3955444,K05027.01,62.3124,0.6,98.07,60.18137
9893468,K04575.01,201.325,4.1,95.93,17.33355
6146838,K06668.01,27.4672,0.9,93.45,7.90428
10199984,K05776.01,198.6004,0.5,99.5,66.64399
12300524,K05964.01,32.0335,7.1,55.67,60.3111
5898983,K03422.01,40.1455,6.4,68.12,17149.58292
8644365,K03384.01,10.5484,2.2,58.29,9.05378
4141593,K07685.01,64.7403,2.8,91.35,45.60609
5596440,K00648.01,10.4749,1.5,71.36,101.88049
7345248,K04864.01,5.6649,0.75,73.52,11.64465
10794974,K04235.01,66.6431,1.3,96.1,24.49413
8564976,K03890.01,152.8277,10.3,86.52,392.59346
12647757,K08241.01,490.6394,30.9,87.4,99.66583
4737848,K05079.01,56.0018,2.2,92.14,10.25516
5856571,K01839.02,80.4104,6.7,83.34,103122.01145
6527078,K04657.02,10.4315,2.25,56.86,14.38677
4058169,K05034.01,282.5363,2.1,98.51,18.4893
5090690,K00636.01,12.0117,1.9,68.36,407.91237
9466486,K05680.01,557.9288,2.2,99.21,31.83645
8890924,K04269.02,4.4408,0.6,72.98,23.41278
6792908,K04341.01,10.7783,1.25,76.81,196.21767
