kepid,kepoi_name,catalog_period (days),detected_period (days),period_match (%),bls_power,orbital_dist (AU),planet_radius (R_earth),planet_type,stellar_mass (solar),stellar_temp (K),luminosity (solar),hz_inner (AU),hz_outer (AU),in_habitable_zone,quarters_used,kepmag,star_type,au_below_hz_inner
11502218,K00970.01,3.9886,7.0,12.25,443038.07025,0.0622,34.39,Super-Jupiter,2.016,4813.0,89.7317,8.999,12.9776,False,1,6.974,4000-5000K (K dwarf),8.9368
11180361,K00971.01,0.5331,1.6,0.05,270160.29408,0.0166,133.56,Super-Jupiter,2.166,8523.0,77.6934,8.3737,12.0757,False,1,7.748,>7000K (A star),8.3571
5108214,K01924.01,2.1191,2.1,0.9,2186.70152,0.0356,1.35,Super-Earth,1.339,5799.0,5.7327,2.2746,3.2802,False,1,7.837,5000-6000K (G dwarf),2.239
11709006,K08061.01,0.7197,2.2,1.89,5041519.59459,0.0162,0.57,Rocky,1.101,6014.0,1.1573,1.022,1.4738,False,1,8.777,6000-7000K (F dwarf),1.0058
7022603,K05346.01,21.1273,9.289,12.07,4872431.42423,0.1762,20.47,Super-Jupiter,1.636,4024.0,224.3534,14.2295,20.5204,False,1,8.789,4000-5000K (K dwarf),14.0533
11013201,K00972.02,7.8226,7.0,10.52,928.88482,0.0981,1.73,Super-Earth,2.06,8002.0,31.3653,5.3205,7.6727,False,1,9.275,>7000K (A star),5.2224
8848288,K03886.01,5.5665,7.2,13.77,25607.95294,0.0786,34.67,Super-Jupiter,2.088,4781.0,73.6687,8.1539,11.7588,False,1,9.837,4000-5000K (K dwarf),8.0753
10290021,K07305.01,3.7292,5.95,6.37,1841.34151,0.0523,0.8,Rocky,1.37,6215.0,5.6255,2.2532,3.2494,False,1,9.976,6000-7000K (F dwarf),2.2009
3848948,K05016.01,0.5236,0.8,1.85,205.08788,0.0166,1.08,Rocky,2.225,8277.0,52.1163,6.8582,9.8902,False,1,10.061,>7000K (A star),6.8416
5598639,K06602.01,0.6488,0.65,0.19,2501162.97529,0.0136,41.43,Super-Jupiter,0.796,5143.0,0.378,0.5841,0.8423,False,1,10.201,5000-6000K (G dwarf),0.5705
9697131,K02706.01,3.0976,5.85,5.57,77948.45591,0.0464,1.8,Super-Earth,1.39,6491.0,5.7497,2.278,3.2851,False,1,10.268,6000-7000K (F dwarf),2.2316
8552540,K07054.01,0.531,1.1,3.58,35281367.49769,0.0128,90.31,Super-Jupiter,0.983,5951.0,1.1051,0.9987,1.4402,False,1,10.292,5000-6000K (G dwarf),0.9859
9579208,K03165.01,4.1176,2.1,2.0,1782.36004,0.0553,1.09,Rocky,1.33,6422.0,5.2229,2.1711,3.131,False,1,10.335,6000-7000K (F dwarf),2.1158
9457728,K04637.01,4.3799,8.65,1.25,367.9639,0.0558,0.73,Rocky,1.21,6390.0,5.1196,2.1495,3.0998,False,1,10.438,6000-7000K (F dwarf),2.0937
7352727,K05382.01,2.4565,4.25,13.49,40173.95323,0.0451,25.12,Super-Jupiter,2.027,4949.0,97.7566,9.3928,13.5455,False,1,10.45,4000-5000K (K dwarf),9.3477
4945877,K01936.01,1.3397,3.25,19.13,543.33289,0.0312,1.2,Rocky,2.256,9436.0,33.2163,5.4752,7.8958,False,1,10.455,>7000K (A star),5.444
11192141,K00977.01,1.3538,1.8,11.36,143200.28946,0.0234,387.97,Super-Jupiter,0.931,4283.0,74.9885,8.2266,11.8636,False,1,10.523,4000-5000K (K dwarf),8.2032
4269252,K06398.01,9.4022,8.2,12.79,31096.34641,0.1069,23.93,Super-Jupiter,1.845,4597.0,77.1243,8.3429,12.0314,False,1,10.59,4000-5000K (K dwarf),8.236
9418619,K06068.01,6.1503,3.3,7.31,1373.42549,0.0874,100.03,Super-Jupiter,2.357,8914.0,46.5624,6.4825,9.3484,False,1,10.622,>7000K (A star),6.3951
2697935,K03853.01,21.5131,21.4968,0.08,64248.25024,0.1754,48558.7,Super-Jupiter,1.554,5081.0,13.8407,3.5343,5.0968,False,1,10.63,5000-6000K (G dwarf),3.3589
7887791,K01964.01,2.2293,3.4,1.67,45.2564,0.0324,0.6,Rocky,0.914,5587.0,0.6541,0.7683,1.108,False,1,10.687,5000-6000K (G dwarf),0.7359
5564082,K06600.01,2.7058,5.25,2.99,843673.73929,0.0365,0.69,Rocky,0.884,5992.0,1.0681,0.9818,1.4159,False,1,10.715,5000-6000K (G dwarf),0.9453
4147444,K03880.01,1.8037,4.25,17.81,652183.4506,0.0295,1.03,Rocky,1.054,6438.0,2.0955,1.3752,1.9832,False,1,10.762,6000-7000K (F dwarf),1.3457
10191056,K05774.01,1.2137,1.25,2.99,497135.59604,0.0245,105.53,Super-Jupiter,1.337,6782.0,5.8196,2.2918,3.305,False,1,10.811,6000-7000K (F dwarf),2.2673
10514430,K00263.01,20.7194,28.0982,9.59,0.40631,0.1483,2.02,Mini-Neptune,1.014,5820.0,2.0465,1.359,1.9599,False,1,10.821,5000-6000K (G dwarf),1.2107
4769799,K05086.01,21.9287,9.7101,11.44,3274.82441,0.1468,120.99,Super-Jupiter,0.878,5078.0,3.9464,1.8872,2.7216,False,1,10.946,5000-6000K (G dwarf),1.7404
3119256,K02784.01,4.1425,1.8,13.09,6260.86077,0.0509,1.44,Super-Earth,1.027,6788.0,5.8669,2.3011,3.3184,False,1,11.056,6000-7000K (F dwarf),2.2502
4851217,K06460.01,2.4703,1.25,1.2,496625.87813,0.041,98.19,Super-Jupiter,1.501,7012.0,5.9913,2.3253,3.3534,False,1,11.108,>7000K (A star),2.2843
11098013,K02712.01,7.5079,12.0,6.55,14890.07667,0.0825,1.77,Super-Earth,1.329,6408.0,2.7042,1.5622,2.2529,False,1,11.125,6000-7000K (F dwarf),1.4797
8396660,K04407.01,1.3381,3.8,5.34,40.19275,0.0257,0.6,Rocky,1.269,6355.0,2.5459,1.5158,2.186,False,1,11.179,6000-7000K (F dwarf),1.4901
3831523,K06361.01,1.5293,1.55,1.35,1460.04923,0.0281,2.26,Mini-Neptune,1.263,6438.0,7.9143,2.6726,3.8541,False,1,11.268,6000-7000K (F dwarf),2.6445
3439031,K04980.01,2.976,2.95,0.87,4026.69504,0.0417,105.2,Super-Jupiter,1.09,6582.0,3.4242,1.7579,2.5351,False,1,11.287,6000-7000K (F dwarf),1.7162
4160669,K06391.01,2.1835,3.25,0.77,2455.07178,0.0179,7.9,Gas Giant,0.161,3200.0,0.0032,0.0539,0.0777,False,1,11.296,<4000K (M dwarf),0.036
10967168,K05845.01,22.266,9.3173,16.31,1136.53397,0.1717,1.18,Rocky,1.363,6888.0,4.4957,2.0143,2.9048,False,1,11.299,6000-7000K (F dwarf),1.8426
3532985,K05987.01,5.2885,4.95,6.4,21008.03122,0.0793,55.28,Super-Jupiter,2.376,4918.0,44.1253,6.3106,9.1005,False,1,11.317,4000-5000K (K dwarf),6.2313
7625138,K05406.01,5.7197,2.8,2.09,2493.58756,0.067,0.82,Rocky,1.227,6356.0,5.0931,2.144,3.0918,False,1,11.331,6000-7000K (F dwarf),2.077
7255336,K00019.01,1.2032,2.4,0.27,1757.71575,0.0225,33.12,Super-Jupiter,1.045,6218.0,2.4407,1.4842,2.1403,False,1,11.374,6000-7000K (F dwarf),1.4617
5444392,K06578.01,0.7598,0.75,1.29,7337381.90124,0.0159,69.16,Super-Jupiter,0.922,5930.0,0.9658,0.9336,1.3463,False,1,11.378,5000-6000K (G dwarf),0.9177
5391911,K05157.01,0.7821,0.75,4.1,22951.4929,0.0207,21.02,Super-Jupiter,1.939,4475.0,147.3514,11.5319,16.6302,False,1,11.378,4000-5000K (K dwarf),11.5112
6891512,K05335.01,1.7526,3.55,1.28,370399.46348,0.0294,124.27,Super-Jupiter,1.101,5853.0,3.3926,1.7498,2.5234,False,1,11.388,5000-6000K (G dwarf),1.7204
5524229,K05174.01,22.4933,9.5873,14.75,1066.23991,0.1861,6.04,Gas Giant,1.699,5186.0,16.0945,3.8112,5.4962,False,1,11.4,5000-6000K (G dwarf),3.6251
10514429,K01614.01,20.7194,18.8988,8.79,43.7701,0.1449,2.34,Mini-Neptune,0.946,5837.0,1.9433,1.3243,1.9098,False,1,11.413,5000-6000K (G dwarf),1.1794
11551652,K07455.01,3.7737,7.5,0.63,676.12791,0.0536,2.44,Mini-Neptune,1.44,7302.0,10.9189,3.1392,4.527,False,1,11.419,>7000K (A star),3.0856
5795648,K06016.01,4.5534,4.3,5.56,115098.62927,0.0536,25.84,Super-Jupiter,0.991,6306.0,1.7449,1.2549,1.8097,False,1,11.471,6000-7000K (F dwarf),1.2013
7430876,K03193.01,32.6122,46.6,4.74,17.52307,0.1998,23.98,Super-Jupiter,1.0,5780.0,1.0014,0.9507,1.3709,False,1,11.486,5000-6000K (G dwarf),0.7509
12004971,K03194.01,10.8131,9.45,12.61,66.49986,0.1045,14.77,Super-Jupiter,1.302,6531.0,3.8211,1.857,2.678,False,1,11.487,6000-7000K (F dwarf),1.7525
5263802,K05145.01,3.3502,3.35,0.01,2175.33892,0.0512,588.18,Super-Jupiter,1.595,6915.0,15.7178,3.7663,5.4315,False,1,11.494,6000-7000K (F dwarf),3.7151
4832197,K01661.01,0.9477,0.95,0.24,1728841.2128,0.0182,52.74,Super-Jupiter,0.895,6302.0,2.2789,1.4341,2.0682,False,1,11.51,6000-7000K (F dwarf),1.4159
9002538,K03196.01,4.9606,6.4,13.99,86.43778,0.0607,0.64,Rocky,1.21,6422.0,2.957,1.6336,2.3558,False,1,11.525,6000-7000K (F dwarf),1.5729
8302455,K07014.01,2.442,4.7,3.77,432857.10118,0.0372,88.47,Super-Jupiter,1.156,6078.0,5.1909,2.1644,3.1214,False,1,11.535,6000-7000K (F dwarf),2.1272
9015738,K01616.02,34.7754,29.1,16.32,2935.33356,0.2184,0.67,Rocky,1.149,6028.0,1.2986,1.0826,1.5612,False,1,11.538,6000-7000K (F dwarf),0.8642
3240049,K04968.01,2.9454,4.0,9.46,18371.08795,0.0513,57.62,Super-Jupiter,2.07,4584.0,146.8775,11.5133,16.6034,False,1,11.557,4000-5000K (K dwarf),11.462
8590527,K07065.01,0.7398,0.75,1.38,293322.38383,0.0165,88.34,Super-Jupiter,1.101,6465.0,5.3468,2.1967,3.1679,False,1,11.634,6000-7000K (F dwarf),2.1802
7746958,K02324.01,1.2047,3.8,5.14,6145.11207,0.0222,1.55,Super-Earth,1.0,5780.0,1.0014,0.9507,1.3709,False,1,11.671,5000-6000K (G dwarf),0.9285
10982373,K07395.01,2.0028,2.05,2.36,2622188.97181,0.0396,57.31,Super-Jupiter,2.061,8564.0,24.7809,4.7291,6.8199,False,1,11.696,>7000K (A star),4.6895
8212002,K02593.02,9.5539,8.3,13.12,255.77553,0.0948,0.68,Rocky,1.244,6175.0,2.2284,1.4181,2.0451,False,1,11.714,6000-7000K (F dwarf),1.3233
6515722,K03818.01,1.9085,1.95,2.17,11300.83315,0.0397,3.61,Mini-Neptune,2.294,9174.0,38.8034,5.9178,8.5341,False,1,11.721,>7000K (A star),5.8781
9872292,K01537.01,10.1915,9.35,8.26,418.74163,0.0966,1.39,Super-Earth,1.156,6212.0,3.7888,1.8492,2.6667,False,1,11.74,6000-7000K (F dwarf),1.7526
8801343,K01247.01,2.7399,2.9,5.84,87203.04163,0.0401,20.68,Super-Jupiter,1.15,6534.0,2.9804,1.6401,2.3651,False,1,11.743,6000-7000K (F dwarf),1.6
7905106,K04582.01,4.2243,4.6,8.89,21.74434,0.0494,0.35,Rocky,0.903,5735.0,0.7567,0.8264,1.1918,False,1,11.756,5000-6000K (G dwarf),0.777
4276716,K01619.01,20.6654,9.0142,12.76,1132.76036,0.129,0.66,Rocky,0.671,4830.0,0.2231,0.4488,0.6472,False,1,11.759,4000-5000K (K dwarf),0.3198
11856178,K06246.01,9.1331,3.8,16.79,1202492.82016,0.0867,1.46,Super-Earth,1.041,6122.0,1.1712,1.0281,1.4826,False,1,11.767,6000-7000K (F dwarf),0.9414
6779260,K02678.02,2.2166,4.95,11.66,513425.90726,0.0319,0.48,Rocky,0.878,5397.0,0.5257,0.6888,0.9933,False,1,11.799,5000-6000K (G dwarf),0.6569
4848423,K03560.01,1.5018,1.5,0.12,493813.84113,0.0235,70.1,Super-Jupiter,0.769,6466.0,1.534,1.1766,1.6968,False,1,11.825,6000-7000K (F dwarf),1.1531
11456279,K03204.01,0.5729,0.95,10.54,196.90898,0.0156,1.57,Super-Earth,1.553,7338.0,6.6013,2.4408,3.52,False,1,11.825,>7000K (A star),2.4252
5617259,K07733.01,1.0481,3.25,3.36,58855.76574,0.0246,4.52,Gas Giant,1.799,7673.0,32.1249,5.3845,7.765,False,1,11.86,>7000K (A star),5.3599
6035335,K06648.01,1.0444,0.95,9.04,23802.22727,0.0232,1.17,Rocky,1.523,7274.0,7.242,2.5565,3.6868,False,1,11.865,>7000K (A star),2.5333
9518710,K03207.01,0.9544,0.95,0.46,633.66306,0.0232,2.27,Mini-Neptune,1.836,7056.0,17.2494,3.9456,5.6899,False,1,11.872,>7000K (A star),3.9224
9655005,K04047.01,1.3986,1.55,10.82,203.89441,0.032,2.39,Mini-Neptune,2.228,7872.0,39.0586,5.9372,8.5621,False,1,11.915,>7000K (A star),5.9052
5738698,K06134.01,2.4044,2.4,0.18,8884.16829,0.0353,80.98,Super-Jupiter,1.011,6466.0,2.2962,1.4395,2.076,False,1,11.941,6000-7000K (F dwarf),1.4042
10399321,K04556.01,21.5809,30.9723,4.32,287.9343,0.1554,1.43,Super-Earth,1.074,5790.0,4.2873,1.967,2.8367,False,1,11.981,5000-6000K (G dwarf),1.8116
4996057,K07712.01,4.8302,4.4,8.91,101.8238,0.0535,1.06,Rocky,0.877,5086.0,3.0311,1.654,2.3852,False,1,11.994,5000-6000K (G dwarf),1.6005
12456063,K04329.01,17.801,7.2644,18.38,25.37274,0.1351,0.71,Rocky,1.037,6338.0,1.4739,1.1534,1.6633,False,1,12.018,6000-7000K (F dwarf),1.0183
8007675,K06949.01,2.3524,2.15,8.61,827.60083,0.0366,0.8,Rocky,1.185,6751.0,2.6658,1.5511,2.2368,False,1,12.047,6000-7000K (F dwarf),1.5145
5390913,K05156.01,1.6803,0.85,1.18,23631400.32019,0.0251,30.88,Super-Jupiter,0.747,6423.0,2.3707,1.4627,2.1094,False,1,12.075,6000-7000K (F dwarf),1.4376
5716763,K00272.01,1.2813,1.3,1.46,67.11069,0.0221,4.52,Gas Giant,0.881,5918.0,2.8032,1.5906,2.2938,False,1,12.107,5000-6000K (G dwarf),1.5685
6763884,K06763.01,2.4469,4.0,8.98,314.005,0.0358,0.56,Rocky,1.022,5821.0,1.0992,0.996,1.4364,False,1,12.16,5000-6000K (G dwarf),0.9602
3542573,K06338.01,3.4714,6.85,1.34,36635.33863,0.0492,91.78,Super-Jupiter,1.315,6026.0,3.3749,1.7452,2.5168,False,1,12.161,6000-7000K (F dwarf),1.696
10384298,K03224.01,3.4386,3.7,7.6,712.2811,0.0422,0.56,Rocky,0.847,5431.0,0.4737,0.6538,0.9429,False,1,12.192,5000-6000K (G dwarf),0.6116
3109550,K03225.01,4.8755,2.45,0.5,77.83244,0.0546,0.8,Rocky,0.911,5513.0,1.3706,1.1122,1.6039,False,1,12.207,5000-6000K (G dwarf),1.0576
6307083,K02050.02,3.178,5.9,7.17,5385.40643,0.0392,0.74,Rocky,0.793,5061.0,0.4163,0.613,0.884,False,1,12.218,5000-6000K (G dwarf),0.5738
10480952,K05797.01,2.0375,2.1,3.07,4525.7062,0.0338,138.63,Super-Jupiter,1.244,6456.0,6.5886,2.4385,3.5165,False,1,12.22,6000-7000K (F dwarf),2.4047
5986270,K05220.01,1.5347,3.4,10.77,31007.12051,0.0344,31.85,Super-Jupiter,2.309,4961.0,124.7361,10.6101,15.3009,False,1,12.224,4000-5000K (K dwarf),10.5757
11817750,K07482.01,9.7626,5.7,16.77,9037.83112,0.1039,207.01,Super-Jupiter,1.571,7199.0,9.1632,2.8757,4.1471,False,1,12.25,>7000K (A star),2.7718
9780149,K05713.01,2.506,2.5,0.24,199.98043,0.0361,50.95,Super-Jupiter,1.0,5780.0,1.0014,0.9507,1.3709,False,1,12.294,5000-6000K (G dwarf),0.9146
6198182,K02636.02,5.1777,6.75,13.09,2235.91205,0.0592,0.63,Rocky,1.03,5854.0,1.0099,0.9547,1.3767,False,1,12.32,5000-6000K (G dwarf),0.8955
11290515,K04716.01,5.8943,3.05,3.49,13.66166,0.0657,0.61,Rocky,1.087,5929.0,1.4535,1.1453,1.6517,False,1,12.322,5000-6000K (G dwarf),1.0796
3129238,K07645.01,2.0087,3.1,2.89,28425.59538,0.0277,0.55,Rocky,0.705,5341.0,0.4206,0.6161,0.8885,False,1,12.334,5000-6000K (G dwarf),0.5884
12253474,K01947.01,6.4229,7.3,13.66,748.90713,0.0687,1.66,Super-Earth,1.049,6102.0,1.284,1.0765,1.5524,False,1,12.335,6000-7000K (F dwarf),1.0078
4044005,K00969.01,17.512,8.2753,5.49,1890.28536,0.1332,49.0,Super-Jupiter,1.027,5975.0,1.2897,1.0789,1.5558,False,1,12.336,5000-6000K (G dwarf),0.9457
8848104,K07100.01,0.8249,1.65,0.02,63257.45392,0.016,78.0,Super-Jupiter,0.798,5658.0,2.5154,1.5067,2.1728,False,1,12.372,5000-6000K (G dwarf),1.4907
6928906,K03242.01,1.5495,4.15,10.72,15.89518,0.0329,1.32,Super-Earth,1.976,7382.0,20.948,4.3481,6.2703,False,1,12.374,>7000K (A star),4.3152
12418816,K07533.01,0.7609,1.5,1.44,5731961.04854,0.0131,35.84,Super-Jupiter,0.523,4675.0,0.1119,0.3178,0.4583,False,1,12.402,4000-5000K (K dwarf),0.3047
9006186,K02169.04,2.1925,3.75,14.02,512.97503,0.0324,0.37,Rocky,0.944,5450.0,0.5612,0.7117,1.0263,False,1,12.404,5000-6000K (G dwarf),0.6793
3547178,K06342.01,8.1771,15.05,7.97,908.51482,0.0799,0.78,Rocky,1.017,6501.0,2.3424,1.454,2.0968,False,1,12.419,6000-7000K (F dwarf),1.3741
12602999,K08082.01,8.2766,4.6,11.16,440.05053,0.0936,2.48,Mini-Neptune,1.596,6787.0,14.4283,3.6085,5.2039,False,1,12.43,6000-7000K (F dwarf),3.5149
10066755,K07281.01,2.4651,2.15,12.78,1001778.41655,0.0395,1.14,Rocky,1.356,6881.0,5.9091,2.3093,3.3303,False,1,12.446,6000-7000K (F dwarf),2.2698
8112013,K06969.01,1.7905,0.9,0.53,199523.08379,0.0301,32.19,Super-Jupiter,1.131,6586.0,2.5083,1.5046,2.1698,False,1,12.45,6000-7000K (F dwarf),1.4745
8758161,K07087.01,0.9982,1.0,0.18,131527.3593,0.0213,79.52,Super-Jupiter,1.292,6980.0,6.5594,2.4331,3.5088,False,1,12.457,6000-7000K (F dwarf),2.4118
5563057,K05179.01,1.0495,1.05,0.05,24.20691,0.023,0.84,Rocky,1.469,7479.0,7.8007,2.6533,3.8264,False,1,12.519,>7000K (A star),2.6303
9724993,K05708.01,7.8634,11.4,3.35,531182.92216,0.0808,31.85,Super-Jupiter,1.136,5738.0,3.7135,1.8307,2.64,False,1,12.524,5000-6000K (G dwarf),1.7499
4245897,K06395.01,11.2578,6.05,7.48,29517623.96842,0.1079,20004.7,Super-Jupiter,1.322,6915.0,7.2121,2.5513,3.6792,False,1,12.538,6000-7000K (F dwarf),2.4434
2305543,K04936.01,0.6811,1.35,0.9,4875909.65307,0.0141,46.44,Super-Jupiter,0.811,5872.0,0.7963,0.8477,1.2225,False,1,12.545,5000-6000K (G dwarf),0.8336
6029239,K00304.02,5.5182,6.75,18.45,46.2221,0.0607,0.46,Rocky,0.979,5767.0,0.7703,0.8338,1.2024,False,1,12.549,5000-6000K (G dwarf),0.7731
8579684,K07594.01,2.088,1.25,19.73,74.25718,0.0352,1.93,Super-Earth,1.335,6593.0,4.7278,2.0656,2.9788,False,1,12.579,6000-7000K (F dwarf),2.0304
9109857,K02833.01,1.7919,1.8,0.45,17.39906,0.0303,1.48,Super-Earth,1.156,6002.0,5.3272,2.1927,3.162,False,1,12.599,6000-7000K (F dwarf),2.1624
5172274,K06533.01,6.1265,8.95,2.61,6799.51209,0.076,1.55,Super-Earth,1.563,6903.0,5.4393,2.2156,3.1952,False,1,12.625,6000-7000K (F dwarf),2.1396
10295951,K01154.01,6.8108,3.1,8.97,6585.37141,0.0798,26.06,Super-Jupiter,1.461,7226.0,10.5728,3.089,4.4547,False,1,12.628,>7000K (A star),3.0092
9072639,K04198.01,1.1829,1.45,18.28,12.7438,0.0237,1.26,Super-Earth,1.269,6017.0,8.1901,2.7187,3.9207,False,1,12.638,6000-7000K (F dwarf),2.695
8394475,K07032.01,3.6405,3.85,5.76,8.32788,0.0457,0.66,Rocky,0.961,5955.0,1.1081,1.0,1.4421,False,1,12.646,5000-6000K (G dwarf),0.9543
9541295,K03132.01,0.5367,1.7,5.59,24.4645,0.0138,1.35,Super-Earth,1.22,6020.0,4.7134,2.0625,2.9743,False,1,12.649,6000-7000K (F dwarf),2.0487
10028352,K01957.01,1.3868,1.75,15.87,16255.39806,0.0288,29.33,Super-Jupiter,1.66,6823.0,8.0681,2.6984,3.8914,False,1,12.655,6000-7000K (F dwarf),2.6696
9943009,K07258.01,2.4376,4.95,1.53,152.58491,0.0368,0.79,Rocky,1.118,5927.0,2.5919,1.5294,2.2056,False,1,12.66,5000-6000K (G dwarf),1.4926
9936080,K04431.01,19.5651,9.3434,4.49,64.00194,0.1505,1.13,Rocky,1.188,6350.0,2.8347,1.5995,2.3066,False,1,12.674,6000-7000K (F dwarf),1.449
5039228,K01597.01,7.7967,14.9,4.45,964.0681,0.0861,2.68,Mini-Neptune,1.402,6443.0,3.1352,1.6821,2.4258,False,1,12.681,6000-7000K (F dwarf),1.596
4548098,K04157.02,5.2158,2.85,9.28,117.55972,0.0628,0.83,Rocky,1.213,6202.0,1.6711,1.2281,1.771,False,1,12.692,6000-7000K (F dwarf),1.1653
11199725,K07418.01,1.033,1.9,8.03,4407.10319,0.0287,22.55,Super-Jupiter,2.948,5283.0,251.2136,15.0572,21.7141,False,1,12.698,5000-6000K (G dwarf),15.0285
4472818,K03878.02,15.3573,7.3801,3.89,10775.52528,0.1222,1.42,Super-Earth,1.032,5818.0,0.9994,0.9497,1.3696,False,1,12.72,5000-6000K (G dwarf),0.8275
9243795,K07150.01,14.4431,7.4327,2.92,2368.44488,0.1328,390.85,Super-Jupiter,1.496,5759.0,12.2352,3.323,4.7921,False,1,12.732,5000-6000K (G dwarf),3.1902
11401253,K04823.01,4.9651,5.7,14.8,11703.58312,0.0566,1.37,Super-Earth,0.982,5339.0,2.9482,1.6312,2.3523,False,1,12.739,5000-6000K (G dwarf),1.5746
4770174,K02971.01,6.096,5.35,12.24,782.20871,0.0717,1.26,Super-Earth,1.325,6313.0,3.0669,1.6637,2.3992,False,1,12.742,6000-7000K (F dwarf),1.592
7051984,K02879.01,0.3391,0.85,16.44,27.92215,0.0102,2.09,Mini-Neptune,1.216,5653.0,4.3663,1.9851,2.8627,False,1,12.771,5000-6000K (G dwarf),1.9749
8454250,K01254.01,5.0827,9.65,5.07,8844.7308,0.0579,5.11,Gas Giant,1.0,5780.0,1.0014,0.9507,1.3709,False,1,12.777,5000-6000K (G dwarf),0.8928
9654875,K02272.01,1.3415,4.6,14.3,17.05785,0.0287,1.31,Super-Earth,1.754,7495.0,16.1588,3.8188,5.5071,False,1,12.783,>7000K (A star),3.7901
4285087,K06112.01,2.243,4.35,3.03,113774.75927,0.0327,91.85,Super-Jupiter,0.923,6181.0,2.7306,1.5698,2.2639,False,1,12.785,6000-7000K (F dwarf),1.5371
9836563,K04421.01,4.7269,6.85,3.39,17.80324,0.0569,0.61,Rocky,1.1,5950.0,1.6085,1.2049,1.7375,False,1,12.788,5000-6000K (G dwarf),1.148
9579641,K00115.03,3.4359,5.6,8.66,214.74263,0.0437,0.55,Rocky,0.941,5779.0,1.1824,1.033,1.4897,False,1,12.791,5000-6000K (G dwarf),0.9893
8227464,K06994.01,4.2591,7.0,9.57,47.92716,0.0515,0.83,Rocky,1.002,5858.0,2.5943,1.5302,2.2066,False,1,12.832,5000-6000K (G dwarf),1.4787
6965293,K06800.01,5.0777,2.6,2.41,840.6087,0.0585,72.26,Super-Jupiter,1.034,6178.0,2.4246,1.4792,2.1332,False,1,12.847,6000-7000K (F dwarf),1.4207
7106173,K03083.02,6.2321,12.05,3.32,120.68485,0.0691,0.61,Rocky,1.131,5843.0,1.2288,1.0531,1.5187,False,1,12.857,5000-6000K (G dwarf),0.984
8581240,K03111.01,10.768,19.45,9.69,164.77192,0.094,0.92,Rocky,0.954,5874.0,1.2831,1.0761,1.5518,False,1,12.863,5000-6000K (G dwarf),0.9821
9283156,K02657.01,5.224,2.3,11.95,11.87269,0.0555,0.58,Rocky,0.837,5487.0,0.5738,0.7196,1.0378,False,1,12.869,5000-6000K (G dwarf),0.6641
4037428,K05993.01,4.2647,2.15,0.83,140903.13829,0.0495,27.58,Super-Jupiter,0.887,6052.0,2.4167,1.4768,2.1298,False,1,12.873,6000-7000K (F dwarf),1.4273
9652166,K07216.01,0.6465,0.7,8.27,259.18353,0.0166,0.82,Rocky,1.448,7247.0,5.5755,2.2432,3.2349,False,1,12.884,>7000K (A star),2.2266
8121310,K00317.02,11.5059,11.1,3.53,197.18399,0.1095,0.99,Rocky,1.324,6336.0,2.8462,1.6027,2.3113,False,1,12.885,6000-7000K (F dwarf),1.4932
7891294,K04699.01,3.0771,3.65,18.62,44.73411,0.0425,0.64,Rocky,1.084,6319.0,1.5235,1.1726,1.691,False,1,12.889,6000-7000K (F dwarf),1.1301
12301181,K02059.02,2.1857,3.25,0.87,13.43719,0.0307,0.44,Rocky,0.806,4997.0,0.3113,0.5301,0.7644,False,1,12.906,4000-5000K (K dwarf),0.4994
8806985,K04588.01,7.5374,3.9,3.48,27.64001,0.0802,1.0,Rocky,1.211,6483.0,3.2636,1.7162,2.475,False,1,12.912,6000-7000K (F dwarf),1.636
3634169,K06346.01,2.9591,2.45,17.2,13.23852,0.0403,0.65,Rocky,0.999,6192.0,2.305,1.4423,2.08,False,1,12.913,6000-7000K (F dwarf),1.402
9397900,K07169.01,10.5114,10.3,2.01,14.17405,0.0996,0.75,Rocky,1.191,6587.0,2.9698,1.6371,2.3609,False,1,12.931,6000-7000K (F dwarf),1.5375
5946568,K05211.01,3.5645,6.05,13.15,150923.47571,0.044,0.57,Rocky,0.894,5461.0,0.5326,0.6933,0.9998,False,1,12.936,5000-6000K (G dwarf),0.6493
9880467,K00326.01,8.9735,16.8,6.39,29858.5023,0.099,36.0,Super-Jupiter,1.606,4751.0,60.8332,7.4096,10.6854,False,1,12.96,4000-5000K (K dwarf),7.3106
8626325,K04775.01,16.4492,6.8823,16.32,16.52425,0.1437,2.75,Mini-Neptune,1.464,5334.0,5.6494,2.258,3.2563,False,1,12.999,5000-6000K (G dwarf),2.1143
7050060,K02215.01,22.0446,22.1919,0.67,94.09354,0.1514,1.03,Rocky,0.953,5974.0,1.8142,1.2796,1.8453,False,1,12.999,5000-6000K (G dwarf),1.1282
9459162,K04818.01,3.7989,4.15,9.24,582.88356,0.0525,1.02,Rocky,1.338,6828.0,3.8496,1.8639,2.688,False,1,13.008,6000-7000K (F dwarf),1.8114
7833305,K04528.01,8.3122,3.75,9.77,15.41878,0.0726,10.63,Gas Giant,0.739,5421.0,0.5159,0.6824,0.984,False,1,13.019,5000-6000K (G dwarf),0.6098
7661893,K04296.01,2.4938,4.15,10.94,20.14081,0.0359,0.8,Rocky,0.995,6171.0,1.6118,1.2061,1.7393,False,1,13.03,6000-7000K (F dwarf),1.1702
9340411,K07162.01,5.1581,4.2,18.58,39.34266,0.0643,2.02,Mini-Neptune,1.331,5155.0,7.1316,2.537,3.6586,False,1,13.031,5000-6000K (G dwarf),2.4727
5471489,K04368.02,39.282,18.6,5.3,37.29978,0.2316,58.67,Super-Jupiter,1.074,6143.0,5.8293,2.2937,3.3077,False,1,13.046,6000-7000K (F dwarf),2.0621
6767227,K04871.01,4.082,2.2,7.79,35.96507,0.051,0.6,Rocky,1.061,6538.0,2.1907,1.4061,2.0277,False,1,13.05,6000-7000K (F dwarf),1.3551
5211199,K02158.02,6.6823,5.35,19.94,11.57692,0.0764,2.09,Mini-Neptune,1.33,5343.0,4.5919,2.0357,2.9357,False,1,13.052,5000-6000K (G dwarf),1.9593
10232123,K01075.01,1.3438,1.35,0.46,9345.42569,0.0255,18.66,Super-Jupiter,1.23,6324.0,7.6707,2.6311,3.7943,False,1,13.056,6000-7000K (F dwarf),2.6056
10616571,K00340.01,23.6732,27.298,15.31,855186.62595,0.1687,16.8,Super-Jupiter,1.142,5811.0,1.281,1.0752,1.5506,False,1,13.057,5000-6000K (G dwarf),0.9065
7134626,K07818.01,2.5244,2.35,6.91,658.21484,0.0393,1.53,Super-Earth,1.266,6461.0,7.7401,2.643,3.8115,False,1,13.063,6000-7000K (F dwarf),2.6037
12367464,K06250.01,1.8532,1.85,0.17,97254.35622,0.0308,32.99,Super-Jupiter,1.14,6384.0,4.3883,1.9901,2.8699,False,1,13.085,6000-7000K (F dwarf),1.9593
5347784,K06567.01,9.5841,7.9,17.57,113867.21113,0.0945,99.27,Super-Jupiter,1.226,5605.0,4.5831,2.0338,2.9329,False,1,13.094,5000-6000K (G dwarf),1.9393
3866536,K04423.01,7.6521,3.8,0.68,713.13838,0.0764,0.8,Rocky,1.014,6312.0,1.2853,1.077,1.5532,False,1,13.099,6000-7000K (F dwarf),1.0006
8566113,K07061.01,1.3716,1.55,13.01,4825.9615,0.0266,4.91,Gas Giant,1.341,7045.0,5.6862,2.2653,3.2669,False,1,13.104,>7000K (A star),2.2387
8016692,K06954.01,6.6136,7.4,11.89,12.20806,0.0704,0.57,Rocky,1.065,6067.0,1.2035,1.0422,1.5029,False,1,13.109,6000-7000K (F dwarf),0.9718
5897826,K00126.02,0.8752,0.95,8.55,13.65809,0.0189,0.73,Rocky,1.174,5855.0,3.401,1.752,2.5265,False,1,13.109,5000-6000K (G dwarf),1.7331
10928043,K01315.01,6.8464,8.8,14.31,104.37455,0.0739,1.32,Super-Earth,1.149,6029.0,1.3044,1.085,1.5647,False,1,13.137,6000-7000K (F dwarf),1.0111
10352333,K03991.01,1.5706,4.95,5.06,288491.20274,0.0249,1.37,Super-Earth,0.837,5519.0,0.7061,0.7983,1.1512,False,1,13.14,5000-6000K (G dwarf),0.7734
7051180,K00064.01,1.9511,2.25,15.32,3966.70086,0.033,10.35,Gas Giant,1.258,5302.0,4.1728,1.9406,2.7986,False,1,13.143,5000-6000K (G dwarf),1.9076
8559796,K07057.01,0.6193,1.15,7.16,31489.00644,0.016,5.93,Gas Giant,1.434,7105.0,7.7744,2.6489,3.8199,False,1,13.154,>7000K (A star),2.6329
6523351,K03117.01,6.0666,6.95,14.56,615.48157,0.0643,0.87,Rocky,0.963,5569.0,0.6866,0.7872,1.1352,False,1,13.163,5000-6000K (G dwarf),0.7229
6277594,K05255.01,3.6607,6.75,7.8,22.49609,0.0474,0.55,Rocky,1.058,6354.0,1.776,1.266,1.8258,False,1,13.164,6000-7000K (F dwarf),1.2186
7900450,K05441.01,25.4805,10.5,17.58,972.33133,0.1724,1.25,Super-Earth,1.052,6250.0,1.331,1.096,1.5805,False,1,13.181,6000-7000K (F dwarf),0.9236
1429589,K04923.01,38.1687,20.5,7.42,64.94666,0.2238,1.4,Super-Earth,1.026,6164.0,2.7798,1.5839,2.2842,False,1,13.195,6000-7000K (F dwarf),1.3601
6058816,K03500.02,4.7484,2.25,5.23,22.34086,0.0551,0.57,Rocky,0.988,6085.0,1.1384,1.0136,1.4617,False,1,13.214,6000-7000K (F dwarf),0.9585
5096053,K04331.01,1.7179,2.75,6.72,376.59426,0.0306,1.34,Super-Earth,1.299,6674.0,4.7701,2.0749,2.9922,False,1,13.228,6000-7000K (F dwarf),2.0443
11182260,K07415.01,1.292,1.3,0.62,7374712.82711,0.0198,10.97,Gas Giant,0.625,4995.0,0.2273,0.453,0.6532,False,1,13.238,4000-5000K (K dwarf),0.4332
10319385,K01169.01,0.6892,0.7,1.57,23.13383,0.0156,1.32,Super-Earth,1.064,5630.0,0.8204,0.8605,1.2409,False,1,13.248,5000-6000K (G dwarf),0.8449
8590780,K06183.01,4.3269,3.85,11.02,490390.87126,0.0517,108.74,Super-Jupiter,0.984,6231.0,3.0471,1.6583,2.3915,False,1,13.253,6000-7000K (F dwarf),1.6066
10646620,K07352.01,2.4133,2.3,4.69,122.23632,0.0369,0.5,Rocky,1.149,6640.0,2.227,1.4177,2.0445,False,1,13.253,6000-7000K (F dwarf),1.3808
4349442,K01803.01,4.5393,7.9,12.98,30330.60211,0.0495,2.34,Mini-Neptune,0.783,4914.0,0.2742,0.4975,0.7174,False,1,13.26,4000-5000K (K dwarf),0.448
9117416,K03425.03,7.6436,9.75,14.96,319.52427,0.0818,1.59,Super-Earth,1.251,6120.0,5.0345,2.1316,3.074,False,1,13.266,6000-7000K (F dwarf),2.0498
7673192,K02722.05,16.5339,14.9176,9.78,650.25241,0.1327,1.21,Rocky,1.14,6522.0,2.3964,1.4706,2.1208,False,1,13.268,6000-7000K (F dwarf),1.3379
